"PC1","PC2","PC3","PC4","PC5","PC6","PC7","PC8","PC9","PC10","PC11","PC12","PC13","PC14","PC15","PC16","PC17","PC18","PC19","PC20"
-51.70459237831,-70.7161887389524,54.5301523726049,42.0171084803071,-9.18582929265673,-33.03085050846,10.8833816728624,40.077392164263,-50.2803392895243,-10.7624583123851,5.45985805238999,14.013131773662,-25.8617324538901,10.0694392365635,-8.6976476175946,-15.7473614015084,-55.8456898584731,23.8832946136226,10.3655858073334,4.8769937072439
44.3955927038442,15.9350879724775,20.2282469162879,2.42992852420782,1.04542154953243,-7.6561059184215,-3.47999477847371,-16.9128604478101,-24.2037559135193,11.9756177096778,15.6796481632908,4.35104869805341,8.42784033097941,6.79994914162974,-9.01649948488566,14.4765334458935,-17.3666945527466,-13.0537345756296,18.7597309363772,12.2309902282998
-39.5219690736263,-21.7340394366399,4.44462819984692,75.6803073116371,-6.11363623030889,-36.4943754813109,-48.1969284306327,37.4794140218884,-3.51704366304994,-3.25941756925781,36.1817157450054,27.2357070749369,-20.4150241499172,60.4304082337293,10.2744634167787,45.7728485281022,34.270810257137,1.18315091138682,-12.7320226885107,-0.161979287947498
15.511727183061,-27.3053612263064,5.8158051329089,26.5667929983593,-27.2989652886677,3.3407068920284,18.1440221012275,-4.82376203106138,-9.33359486533402,-11.9873289177962,-0.286010631015209,0.678682053016352,7.91207489439531,14.098076455293,-5.52296458230076,17.5479664511509,3.73422832689476,8.26831050552135,-4.81792669921578,4.11649132275864
13.91473923888,22.0508414660992,16.1626999468319,-3.69675299991088,-29.5852799672417,-17.5373705308782,-6.36915140024396,6.88043991781627,3.1141999864755,0.937968120950502,15.6888576842146,15.8405816847268,-4.71996998097555,-5.20308749251168,-0.543346633663528,11.2277266321883,21.1316452604709,6.67227888253584,-24.7292244181251,-13.8974531356919
20.38559386527,-2.24338630427168,-23.6319064336746,10.0940073844217,-38.8754241589159,21.9723251452385,-3.98674594121094,9.13187673468206,-3.98084612973388,4.49771512263622,6.94171776290015,26.8320034007221,-0.0386389537514551,2.23514650008655,12.4567023506766,-2.6193026836718,-4.99318295136816,12.9650780885725,0.418304238653188,-3.5478573935074
3.46827812853566,-38.5025360811541,40.1845973907722,13.7252429996801,-7.63947579391669,27.8332623181456,13.5286774433842,8.79168037358638,1.719924971539,-17.2461228000623,-3.60406412695388,12.8470959558164,23.0640425641089,0.522224109678037,-12.5614997624477,12.8693689814844,-0.145858214381987,-9.15375909241861,8.64887636742904,21.4699365714967
32.207917230414,-15.7025705189207,23.5175716171945,34.5726154745185,-23.5855575331338,6.60182374333689,-38.4488531997279,2.54174018353151,32.1516728450818,-5.83369948918149,-7.89639783925134,16.2684210290904,-9.03779694752933,-25.3631360812661,-0.0802884667039547,-18.4031098042099,14.682848701908,6.04783269616192,20.161993664751,2.34322619911127
12.5882533788904,-5.13902993443827,-40.1127648611595,10.8398426645884,4.29959178090853,2.00371201815609,11.8086629240051,12.2959798607902,-13.6657955831152,-0.0992111278478121,3.65800241662337,6.02693227595972,-13.4145520844975,-5.14007296931584,7.82051167858032,-19.5695043725631,-13.2007667323586,6.57251592736264,1.33583000848616,3.19758830053204
11.288835699614,-52.5473204631014,57.2530827164844,13.3785827972452,0.892854531079538,28.7798742297515,8.86530790579409,-0.0453228770459256,-3.19932318730822,3.70546018169968,-13.4190610302249,-8.81236617539537,15.4985525422149,4.11348596373388,-18.3450415057895,-8.15177887846469,-3.89509037016968,-4.74879261859497,0.329625587148853,-8.97540886095743
-4.36326278543578,-14.2624248328244,41.3580072144535,10.9499613993925,-13.1957515451822,10.9081024821377,-5.45967470304775,1.16509370392215,-4.4198522420273,-10.5490848064258,-5.32265061294157,-0.673884596527565,-0.339130420721304,2.29142861749185,-3.74936031191399,1.36123967287394,-0.539122756153768,8.70227531986121,-5.26486485477739,13.3184281653528
-3.90416148198619,-40.2217744260156,28.1862518936032,38.4062183504944,-46.1701327176945,-26.4975993821975,-12.3462972386625,5.84680125686531,8.10087876340038,-14.6327774930298,0.554390825818573,-18.6651426856683,-10.4988794181951,16.8367408501425,9.71153595270765,23.4012467784336,16.1089218426611,9.95612823172588,-14.309588852127,-16.3449205501381
11.3814893663023,-11.8444683135618,1.27019393098825,-0.369051896878916,-26.2749304621249,8.64142489604914,0.580562139254484,20.3231018995668,1.73342309190836,-8.06720356730662,6.44196584907608,-2.96520246705393,1.11348591784413,5.94451026281421,-3.12570470562064,1.76215125409351,5.71757343097945,-0.0829286058572062,-9.86045580621734,-4.99697315795055
-38.8085074307407,-90.276327357468,22.0931399823497,-82.5626699105177,69.5679228229153,-37.94010896779,43.4859168029274,76.1344902028599,-9.52323148678896,119.226798250592,6.43256726792582,-75.4643407689986,-138.101513296601,-12.3997849949131,-110.092429919963,39.725148678869,19.4070696011203,13.2700935485673,41.6237870408695,-7.51239304507867
-68.3008382635953,-27.9008819394282,-24.0319569786407,-67.4744583979175,2.13890044388966,10.1367306432909,-48.2163486872631,-40.2007626177359,42.9325240638877,-62.3489592359387,-11.8758549139757,-3.33018173637737,-60.4318908822166,34.2201432478125,40.2572440423494,27.4008741570726,7.15254017464614,-4.82362561316203,33.2344161157466,15.0579980520186
49.0842071303842,15.5585022064143,-31.3939024572564,-14.1447848072612,-16.6475280972443,-7.41059879400537,-4.93563473524585,25.3071192850104,8.65772386030495,-10.5842796432223,-4.00730545024024,15.4496345943788,2.96059364931162,-15.966864755433,-10.3035800897338,6.86564367219323,6.13968353294105,14.065948414166,-15.8484208399804,5.08206950283828
18.4740880345621,-25.9990956283397,16.822270078204,-3.19272998219481,17.1822053225688,8.0526710080387,23.470809048048,-7.89792834918621,9.76020395842557,5.16164378070413,3.71834257205805,-7.56639982893149,21.594019106991,0.468138898957531,11.1496051413508,15.3910322040114,8.96044304555727,14.4626690368301,3.5935947261608,-12.3187918602211
47.7585299800685,-8.40674773495066,-33.5484134226491,-11.1301045537863,81.9484349330142,18.4936681055996,47.6803209561316,7.10589403261942,33.800442448037,-27.7742239226104,6.61089475441733,23.2928018592145,-0.559602496703204,40.1376519541323,13.6229490506744,10.6522436441422,-17.9591844269651,6.23119054069881,-6.07032808954656,0.422358704477329
23.6936019120348,14.8356371209751,-19.0064832054965,-20.3813494753872,-8.73784563800507,4.13099688734508,-26.4086071708896,39.2376904597591,-3.65410515623204,-8.98950773561447,-26.9703043129744,-3.77033715699186,13.6746503879763,1.61265055684108,-0.733478946455034,10.8855413412237,-0.673085866702372,15.3375535868654,-3.96465851114373,-12.1028565221732
62.3097659439734,54.6797365433569,-35.8854138595222,-51.5428050529873,12.331062349416,-41.1359757504838,-54.4079501672433,82.7077471958197,-17.5955113574694,-19.5065479198244,-65.5206366764287,-22.3984826958398,24.2661926755989,3.04688389958466,0.703451443094012,-12.6783921941277,1.93834012456079,23.0988909552326,3.07081306209169,9.87165964491152
38.6031563341224,-21.4587838525615,33.7136450227886,-4.73644210912853,5.05777053448567,38.0266773913033,-64.4658894885186,-24.5961341004678,2.06843911893022,19.3205452667009,-22.3857714456544,32.7340038595108,4.31578854318038,13.0499154366412,-1.68543416557087,-1.3850844118947,-7.84267337655299,8.85750459117987,14.9075828529288,-8.09236049150392
30.284999029566,-18.7935896188595,15.9310353120795,-2.64034270138163,-15.0540803455669,26.7109611391666,-11.7744953948172,17.9466343145516,21.9511010361408,-8.65119544339197,1.08674256875862,21.5726335342059,12.2272492275094,1.12289526632974,-6.53611149395791,2.69439093910406,-4.50561659310001,2.96453501426619,9.65718061656669,1.26278111454784
-1.09324272313085,9.36396702583457,-51.340719029858,26.3339027963463,38.7289334202099,4.61692335982648,-4.09604318110765,-8.30657167210637,-10.9363591889993,12.881411837451,21.0911651239761,3.75588799130214,17.9057232892361,-10.9345590434226,9.44279035051751,4.61986106654738,-0.54177908396313,-2.13101544554778,0.808867757163333,-3.20498381072215
60.3469590841539,-14.9801070732791,38.4578547909389,15.0361991221757,-13.7799472887006,18.240398805989,-19.4395980136044,-12.192733095043,-13.5425088423795,-4.12945104744582,4.62328348507816,16.4186939855212,5.10156103916282,13.834531959954,-12.5285846568432,7.89563680303186,1.38841276375342,3.2594418423978,5.64423462430945,6.45677045714561
41.5088869312582,-31.6808862072358,13.4515159780019,-90.2142927710282,-39.3068237159989,-15.2479038032067,-10.5805693043872,-27.1514318564529,-29.3614468535567,-11.6623736711039,36.2636483326201,-1.86527042683485,17.3873967969595,4.37842263791656,11.9053110683283,9.56936710947458,4.70938419049767,15.324319739318,-10.4319936580584,10.7590914225049
27.2732032124091,-32.1430296172549,30.8777232605295,19.8044369535522,29.2706584326604,23.8846660294194,23.167083637262,-2.94157318320921,7.77440097382843,4.33159299765604,-1.66046972957848,8.77853907800841,28.42513124796,-0.229360792719657,-0.461092743554894,4.27679404697981,-3.30328875384259,14.1835375969309,-7.80010539418832,-5.85306638464101
7.81911965538759,21.6499157819584,-55.8067039455882,5.61576043987181,-22.759416103105,1.32777404685691,10.8737787794463,9.38613987883117,-11.5153143741492,-2.60623696024712,-10.6587631997802,-12.0907636349095,-4.77959773785044,-18.046440251923,7.29220308598801,-13.7504472931555,2.7833584954828,-1.62839444475777,3.70769298924396,3.26615761575177
-83.8209021733545,-50.1777929050053,8.92636613794471,-105.284115055103,-34.5750985297719,-19.7394455608509,1.52221303177796,77.3459904544052,62.6563206984239,139.713486906938,33.4590680477284,71.9960643267329,9.88707214543459,33.6203661429898,130.167200681965,-45.2004744719419,7.99963675123852,-50.8754692309178,-93.5370358426646,160.211995354439
-19.723848214204,-17.2439174632144,38.2421580314697,4.03121463509106,-10.5061595878398,40.6702639418924,-16.0263352889934,-0.893246906743121,0.372185421205699,8.74029006365769,-17.6615388939683,14.7453328084397,14.7135104827051,6.60001553699561,6.18374612369691,-5.45959180529251,-12.4383748811237,10.2163803290159,8.30299631537922,-7.2708907455555
-99.7818016931421,-80.2576032287202,3.84500462629324,-61.6494616211876,7.16502218009811,-0.445069958143323,-52.6667272324081,-0.988029550051227,-93.5811271510473,-7.10815434592162,-11.0633921062852,-10.5046398210779,-1.7683337979762,29.059315325854,-5.05639072667135,-35.6697247452308,-60.0341494196446,-13.0048431319504,-92.3048272445248,-5.59483536981711
-19.2636536848252,-82.9769968107793,-13.823565685072,-123.20841846512,-16.8697641024076,1.36891187607049,-23.3459460651359,-20.7395393421851,-24.2813008930969,-39.3665317725387,41.1920518936637,21.4981586134909,13.543499889173,-11.0127311457908,-7.44755644986445,16.0958945247835,-17.8915495640169,10.3658571813146,-8.08041894671465,61.7156001737447
-53.5988909292883,-50.3615564900394,4.26846626000005,-52.5655879995597,24.4676905769792,-2.40156723866804,-34.205844322098,50.0949311704847,-31.8168891138114,10.1544557038829,-16.549833844611,6.93800432416754,40.7360969493145,76.2613173271669,-23.3702172852401,-42.1766263887478,84.9933348487234,-87.4908868984111,4.73329626921874,-55.4502857632356
2.83419080638668,1.17924128188334,36.1088282435367,16.1296767748038,0.901816242364942,8.34404441479887,-16.3031221398072,-8.70811211281298,-2.61550079746214,-11.8115287915255,-3.21464978222827,-6.65069788958098,-1.67547676296394,4.26413556686683,-1.24379342648232,-5.02104656327256,1.94531844974028,-2.42732142174063,-10.2481138618736,-9.11877330704084
-9.34105593472798,-47.7413654758821,2.52004577487684,-45.3416006527849,-0.0300974023879991,10.7478763950921,-62.7060086767979,-39.4051231584736,8.01906072542012,-9.81661494293034,-18.4458372948666,9.89355794757313,-16.3849726574392,9.12788980479384,-10.6042652260364,17.4409172087615,-22.1295465668114,13.8997468596538,-17.6749681615816,13.375955017291
4.87364251652809,-9.05645815286771,26.9477901005899,-12.0232693191313,21.2253901358451,24.3086823648015,37.3816651513257,-1.62881915763795,14.3814839411103,-0.740644167837827,-2.69886924196086,-4.56350869877647,21.4265709537159,22.2115897414917,6.0117802474698,7.31152934162148,24.8885758840419,-16.6418322480542,0.852670832027521,8.05139015735213
-27.8468105482761,43.1007434981916,-20.9722798848761,-13.3878758220326,-39.6439277242325,35.7693239560381,-6.16982308375267,13.1619852194391,27.7360857079146,-3.47020563630792,-9.88049219618497,19.9943953488761,4.27755873429962,-6.90605113427884,-18.4427818858508,5.53141488594703,3.34984281827079,-5.00363741387021,-13.0777665004114,-11.4614216017061
-36.5581126587816,-32.5329682649719,13.1259784718187,38.6778818249313,-18.5801452874158,39.5593959620487,-2.79597010236307,5.14260734004333,-28.3357257360701,-11.3083934892758,-11.1477023792849,-27.4093933561421,-22.4107214978656,5.70739819101775,4.49427773848366,-16.92438155466,-7.74140793981727,-1.06789875003598,-12.38275951664,-1.48921997084443
-66.0218760756918,18.2543208103153,1.20366082598775,27.4028002665309,-29.0937374628287,10.2587081874472,-0.879463132433154,17.1215506093353,9.29276469806301,-19.553873764158,3.16693229276888,5.31171358540301,4.92197925170337,0.00796704575403497,-23.208432164288,20.9369039846626,-5.77432340378252,-3.47256327191833,-3.70730773769411,6.46494250129053
-79.4463714971297,56.5419975727139,20.3238257932266,-17.6470520017367,-6.80350439749184,-22.0193093223282,-25.4897051367984,-7.7414688219632,-14.6131588667615,-1.8310716582005,36.2874143488278,6.86227397910371,8.99458799148993,-12.9017655595332,4.64131380268112,6.99961699171199,11.4726921947077,-14.6900130454339,2.4153777339175,8.21816970695441
-148.443264959358,89.1935652354289,10.4635416466518,-18.0908658159558,10.7568970606783,-51.2499827269248,15.7274706684767,-63.0206123775799,53.9094869068694,11.7417648760777,-9.07818096935863,1.60781743717288,41.6956989267747,46.7796547353822,-75.591245705952,-75.9761304952832,20.593026806993,111.743216656407,1.2810182550441,38.926953545381
-93.3154383516748,24.0087711607419,20.6910124409817,-7.9155714271848,14.8580671913226,23.5935208788441,5.45810012475228,11.5655499069472,27.920543749673,-1.70098654969547,-17.8504049022091,-12.7837748534006,-0.450650640293512,-18.1671281568414,28.8701098871178,28.7124116287016,24.8761026012902,-4.76076162849829,13.4401343908512,12.9677145522425
-26.1274728900629,29.2105684221139,-4.01210500597813,10.7736211055351,-6.67924905845432,18.6676777928679,8.02720338056034,11.0053667108905,8.56242860026435,-6.60231942294968,-4.01298787705431,-3.74553106707341,-7.53412767283141,-3.8699658321015,0.917706486870485,-15.5084140526059,1.19007085770598,-8.258674514845,-2.37093889553126,-6.31610248264969
-26.6564071812955,49.0567198316832,35.9531472803644,-1.75695883830552,-23.5873827540345,22.2717441454835,-7.43147085488201,10.8528094047126,9.94993704617863,-3.74605286638807,-30.3396793945669,-7.01528603676124,1.48106914036251,10.1592651966683,-6.76221042630957,-8.19810497887316,14.4437118035749,-4.10766452932773,5.02919036215403,2.93620890923614
-122.212701134993,57.1335993548508,18.8118382670898,-38.7137166029258,-71.1745390049359,-4.8882471837054,22.1347692472735,31.635668861823,72.0757977553478,-0.792477494942651,8.00679897497176,-18.1428481630341,29.1457075835688,-19.5522736758271,-13.8301915733811,-29.9055314025961,-68.0241188059046,-51.5048154371612,33.2547833432067,-2.62011388095471
41.5386659435881,35.6122882301017,66.4540164745368,-6.22448456445478,11.9270528745872,16.9472666888694,-39.440432230051,-12.110665261765,12.5574697822137,11.8872818746546,-14.8560192168125,14.639476430903,-4.09757068843954,8.75518258422942,1.68840941294306,-16.5260259252162,-1.68648791535368,-3.81947400251192,12.9044043010447,-4.11144807798709
-23.6221292612166,-54.2777603275781,-53.1487925426404,-9.32220971536659,-38.4705136575647,-24.9497181592782,-16.4844176088901,-32.4805477186446,48.0727015912915,5.1935299925864,-15.2719308089857,-34.1390869579815,-3.04672662576639,-2.19388269648892,8.41206913524324,-0.816369192465323,-2.93664858520563,-12.633343295381,-7.68578749558005,-20.9884012154967
-94.31929095008,-6.52978419392227,-22.1782233164284,-34.0697460726472,-15.8328111759672,0.222113084188204,4.4472150371888,-13.4443004215944,16.1674887609088,3.39446099626712,12.1835997056716,-20.3648459089452,27.0087159731531,48.7412734543744,-9.85474113222469,29.4053103903013,-4.28731947977231,-34.6250686264428,25.7343412559835,-30.1590044363115
1.65062675328619,-14.6888324721279,-33.8408551271456,25.4668336248743,0.803577671720096,13.6728921505939,3.68460210980439,8.61070509550748,-30.4557638476797,-5.34390029201436,-0.0436069794564829,-0.246950903315773,-4.2823096559351,3.67184437158368,1.66917546325948,-8.78610337317101,-5.72488022957077,1.00538013594933,-13.2564760209426,1.8937216770242
46.5986801275976,14.7116165894311,-2.06572032855256,-11.9174184897534,46.2804595554935,-1.26812271379526,31.5654544308273,-2.85093073898334,25.8760797019079,-18.9822487852876,8.62790624065668,15.3509843080737,-7.93933543833311,30.6470246372966,9.74415551681987,5.78804368669125,-11.1935560559534,-10.7101612361697,-0.18703686391824,1.95855390280244
39.5322055308739,16.8928555964547,-39.0311506397467,-14.9075765953575,-18.2451123443125,9.56784411640904,-0.457504644846202,16.2183210764461,6.96672380711352,0.181670835964528,-0.505663224606571,13.2387213711654,12.9934385703451,-7.97475800448399,-2.24743788974473,-0.435770211055145,7.40553283458913,3.65955019270704,-5.12497685763532,-3.86829657905026
70.7325547659234,-76.9929548400469,-10.2477001856169,-30.3790192470886,-3.7500935506544,-31.4923484987153,2.48287126217608,26.1853844186686,34.4028998398542,66.6485049524886,2.09871913845107,-6.19199417099538,-17.6836993430613,11.0616535504554,-24.2979363631876,26.6029868824741,-8.48840980881604,9.99725360294049,50.9279526765559,5.82996525776029
47.6444511853171,-43.9031867946486,-68.6678039024427,8.75286150766984,-45.5033033411686,-32.3036628050754,26.5175219057442,0.809883306872436,24.954420800703,7.25987717823957,-6.31578388531658,-7.78752769130847,-21.6608157032671,-6.92865002047044,23.2308236594546,-19.3362711151378,-10.3856259324891,7.82672540179584,4.73408219376175,-6.54850159563193
35.2540004063626,-76.3973317144863,29.1004453431382,-9.87852014748465,6.17036373550779,25.1264834456559,-15.3488794085871,17.9614708247908,31.2192530403513,42.3224043660006,-18.8317865322842,15.0303276182618,-2.2399023122636,-0.509040679703772,6.44535472294219,-21.7001839747817,-12.6733607664042,12.123088218841,35.3743786077848,-10.4202793755265
34.3779175191391,-67.9868827140274,-53.0261846867834,3.34966167958812,-52.9793861142158,2.47806798654822,18.5642038936698,10.7714349441493,21.1462513186136,-5.22384666240378,-5.5009351437216,-16.8473193344877,5.7029392110679,4.54884370417019,11.6415997445219,-6.09736380922597,-3.03570456156513,6.63592103226074,16.7200209165391,-2.11053269476314
-8.88967966475932,87.4663468393741,45.2163531716815,-19.3234097232614,6.85721429635477,-11.7867822644046,50.4995614136982,-20.5558373278172,36.8054670649542,-18.9550539160437,10.0438114213863,-5.36840315026734,-23.1704970794276,28.1209097038342,12.2863734263187,-2.74672415829312,-10.9794913914543,-29.4954394530107,-11.4168277324171,-0.348535629568919
66.5403013033039,-100.563762042043,-46.9645130962771,0.410064621236033,-29.2713186273687,-14.3612650550267,-12.3728161369852,-25.0770299030724,39.2729110884413,-16.5679095132019,-6.74312434662556,-12.67245308044,13.5538510883995,11.016253236488,-1.88896177240367,-5.33941202986465,2.520536448244,-16.4752454363689,25.8277462899289,-1.63333725892985
-18.2069965296412,-20.4087881812011,-25.9562134628939,11.8080027353268,-42.3239013010057,27.7174478029987,28.0941077750059,6.4955401214144,-15.0682921541137,-5.12636663197727,-10.9732471816692,-18.6324762794459,-6.2945832636102,3.46890943682838,2.68608993600262,-10.0395898729347,2.27388815269171,-1.72954264733802,-0.635931117244421,1.23271850214808
3.22390707938965,-20.8000079683207,-12.6042396910863,6.6343022151795,2.33025558483462,21.3622560716683,-0.515250662164364,5.61737550989999,5.41855505208895,3.19643915769405,-9.89038638561898,-9.33645950682964,-6.73870447686408,38.4750578670165,6.69267387427145,0.815914928763598,25.8493065743217,-3.25387969299988,-2.24194332168668,-7.2556934362395
-34.722407646774,-32.7360163446073,-32.0467583103193,-30.7552933515887,-3.25851214001664,5.07220077429067,-13.1827413016026,-46.4954100588723,45.6341258932794,-0.712584925946569,-29.6282392583842,-6.30843673798754,5.3702665467221,-13.0010824015481,3.46855882434018,40.6150921401116,-12.263121886803,0.672126037460868,22.1372224184383,8.80388563739922
-3.34740202833662,-24.4969798452016,-8.28094070228519,6.54518557740973,-36.1432324362037,11.4972400667693,39.1564796668861,-6.30094728657717,-13.7743918009482,-6.62412010333454,-13.4892801850458,-33.8739510599299,-9.19036707819597,-6.0836468700858,-2.35680287332572,-22.7969287593176,15.5333011756926,-2.63279483635249,-6.07410889166045,13.1719172870257
7.00974834570023,-20.8456517415219,-39.9338309595931,5.6624312468665,-20.8161385116839,9.06827291966007,6.4818515056474,5.40449250656213,-2.92665699992524,8.57779087189526,-5.42280325618427,11.147371694835,-7.12933708159948,5.96321891942854,11.6976979168641,-23.5100855504765,-6.23181544228535,5.63978954427554,-11.8599379559028,-24.0693683144804
-15.7553931817504,-9.36209294874834,20.5893559345001,-61.7603128572756,-2.10205074478086,14.1372530362086,32.9287314583153,20.0153669855452,26.2935002458598,8.41535158639273,27.076666758088,1.12108308427565,25.0782251788613,-6.10124523468451,-35.1097242883547,35.7410490431052,30.5095870527815,-11.1657607724507,-22.8371099915481,-14.1084277222381
-40.9086418100824,-15.5092698967639,-21.6495687989086,8.48501680930492,-17.0696420907296,-19.0090293612866,8.97660904848231,-22.5841106251357,-9.05436702601495,16.3286555375913,0.548852962440719,-6.51814779179359,38.8440441647628,0.404817943277986,-14.072962330877,-2.61706723234642,10.3567572584845,-4.3809546371029,-11.1927391383089,-18.4291134979011
16.3239318925595,24.1052907205841,-66.0534154013421,-11.0103754702077,-15.8821288290411,16.4689441522225,-2.59832138756764,9.42194835516868,15.200334279657,2.33746554219584,10.4172627998467,14.5124362523585,-14.1562437402972,-4.83877880084063,-0.278052754786662,0.0911757282228755,-6.454878653074,-0.580784115056191,-10.7023013723425,-11.8985621333669
32.2642105331967,-35.453274234991,43.6094917202138,-5.96167387729612,-1.86536817271071,-5.21752911055722,37.8793912920581,-10.5838823321461,7.09925590432508,1.94458786369879,-13.2636251549978,-5.2750658579825,17.4024771561993,2.14468095999708,19.5922362538723,-4.74202234227696,8.83921302457719,9.52176207389854,-19.5219588597751,-0.663996518479746
1.01984995324431,13.8583775351739,7.47529974840039,15.0334991487815,13.0457308244548,35.3412411787258,-2.44319737122998,0.732316049148135,6.56280587817353,-10.8926670470602,0.0270906833881388,-12.6388692704924,-18.845484047872,-0.947612393238585,-11.6330049605586,-18.984101309421,-4.66241127134454,-9.68402851154837,-3.02847479373718,12.584540266434
29.1685887921773,-1.55141138072461,11.6468325099859,8.92714564924942,-12.9493622670559,11.0304329742419,-16.1126747920665,10.4934868469791,17.9681132139563,-4.96217850594917,-5.17125996303543,2.24457005389201,3.68466748170681,-22.5516374694792,-20.3362616213442,-8.55770723457318,-3.3612012544093,-9.74090286090298,5.05700854459331,2.73406398390017
-8.1606218982181,-12.3201547456627,-8.3878544396073,-20.1883865372479,-11.9181098940282,-5.55456905113769,25.8957797487447,-16.6981183113877,27.0481082631389,-0.720744792876552,-15.778652648362,5.12002957852693,17.480165447857,-23.3428340263996,29.033737941926,3.38925196503164,20.0379750158896,27.0662429554289,-16.1958909773684,-21.2225184460721
3.52597451720257,11.5754621630677,4.23818516682952,-5.21289272779676,-21.6256367293956,23.5873831684789,-19.8888140112252,4.84222861210502,34.1198554042165,-10.1989780598379,-9.07104284266928,42.555853186053,-2.66365025450617,5.80426796322873,-12.8888605796515,1.39586948545113,12.9745639393156,-5.01794718064942,7.217940258407,2.09968895359689
5.69122453968006,38.7952133717173,-41.7043290850298,-13.5484306041794,-19.2205860759241,18.1619529110585,-3.3003706400861,-1.31750511483871,3.88177133279613,14.0038219154309,-0.0601012159841179,12.1240255273169,-27.4474340452411,-7.58348413106496,6.3050877611643,-4.89010055533468,6.22169782342163,4.72941777895245,-9.39424208568287,-9.97957999967815
-13.086408553742,-21.7433991967244,-23.1045336298907,-7.28161524193175,-7.87031265692714,5.48456568367543,-11.521097934375,-25.5479430434676,9.4409457043293,-13.498632960786,-3.6586215947178,-14.6741174393991,1.83223509490574,-0.414428697633084,2.34789100824946,1.26627749958524,-4.50376285619788,-4.77566234229649,-18.3432791460784,-12.7883363980235
11.7272399755565,-42.3588366553975,42.4458054151754,-17.4551018433726,-14.0439383636953,8.12581783130854,38.0144294815104,-3.82250877880246,-25.6366690488895,-4.47360335989875,-2.8477868013123,-4.53476656725265,6.25614767719273,13.9569940428067,-10.2516192451541,1.12113126968502,-14.1981154510005,14.0780875713338,-5.36879362538338,6.31695385021394
36.1086459590815,31.2472586897633,-31.1461294582343,-22.0569917623661,-28.1663708137584,-0.670712501665792,0.683534071829165,-5.13465656529102,0.831801260534215,3.74729628934709,14.7394849720109,26.5396884176844,-2.32209726156294,-1.64663553828942,-14.0884812592867,11.0040554098285,-4.23081324177108,0.341991309029155,-9.49280297329853,-4.16594001706435
33.0408361693827,11.3012875601318,-25.4681240561333,13.8743899598274,-26.6803029023332,13.2411388801815,-16.0167642042274,-5.01525607730868,-13.082128215025,6.29958364996882,-0.36718462779183,1.7364106587517,-3.70325408891925,-2.92466729245762,-4.04171743452877,-15.9793018283471,14.961007091512,-13.3504394841488,10.3249378694586,8.73811679594978
18.4776494149459,-6.73107743259686,40.8435190925228,-12.5268849211574,-20.2475793610961,-8.52257905668044,5.2088743864167,-5.23255418882276,4.91125821819827,4.52947571691107,-1.61052128800408,-8.9817563512932,8.20582091795262,10.1979087655674,5.19821909990271,7.42821842964614,12.9584671598519,-5.12076862556764,-2.61356810206796,-11.8682131514891
22.5410588152402,-2.8218581139297,30.0658089297143,0.654764404515633,-5.06572512981797,-1.00999850736697,1.54700481510432,-22.9065838086177,-7.64393218733443,12.4786857761951,-10.6711562254272,1.75587355106253,7.38789666310684,-7.08365281590558,7.08337045583785,-1.30734735605759,-9.83690223577007,3.29082308414571,6.90533535936384,-6.02984132865424
-17.0125179172723,35.1004617763971,23.4606837632158,1.05320321306101,-18.6316956935652,27.46696558907,10.9136508129153,-2.19075818146679,-7.82130941248965,3.47630962925082,0.187921905175618,7.92183649571407,11.8490992808216,14.9015822874251,-0.197535850974248,11.3318410661679,6.1235753774037,-3.99154676548139,3.89784503237622,2.08163380264474
-29.1894901146458,4.68677914326582,27.0063787811958,8.82200708176711,-0.886688520619007,49.6046798983792,10.805788585716,-1.70534061206752,-21.9671074914774,-10.6934191224494,-14.4344170803324,10.4755578474972,10.2550815339368,10.8468693403556,-1.23393560917787,15.4688795971772,-14.5970026814795,5.3059771250238,6.42314392903346,-15.5110813980536
42.7130992389647,56.514390256757,3.99029842243264,-31.9704033041705,8.89486744516456,-14.6671823101456,10.3295884081362,20.3622129262026,-4.95898770634019,-14.5351889946667,-16.4720263428338,-11.9775619368086,13.2139097952771,8.00342918014934,4.41005906095802,12.5991069914157,-6.94236711910285,-8.60392219040633,2.53525380795913,1.6997560499546
-65.3168338427877,57.1686365784439,-11.7556497820894,19.3495642433209,-10.1169490762459,34.8525902849829,0.0430009198415567,10.462249758598,-1.29950865641586,-6.14435780688484,1.80535487482734,29.7606407945186,-11.6380267955651,11.8390750053159,3.76357272518414,13.9524524972509,-28.9769340649354,14.4846968639981,12.5870725162577,3.99004334477807
-23.3836692297155,4.4018783780272,17.5340941457993,-46.610235068384,7.83668364069079,38.1411765652866,-36.5083059844325,38.7032299610144,9.41089277367507,67.8079914586455,-11.7646915615867,32.8785673843995,-6.15161931858875,-8.25338932004043,-18.6015358552119,-20.511041033768,1.21243277706888,-9.73172772009403,-8.55047574171545,-36.1790075844463
-53.1216642931528,11.2690692975774,-24.5752759355819,-10.3763799189543,27.5924649746257,24.3924752129192,-30.2836535074309,-38.6522469147861,4.05386443828732,-11.5218635732784,-18.0099079185652,-22.1814995329516,-19.1156212760829,16.4104466596239,4.97355484094628,9.72321749618782,3.15331111246151,-15.5220343044917,-13.777078036739,-6.44376255107665
-83.5439898413765,-22.4349628933967,22.6403087320814,-148.79135296813,10.7057297545077,22.8237989492296,-42.8242196941446,28.6203964006191,-48.8761175233334,-140.712827330181,167.11800040947,6.15672274920529,-33.976286241561,-51.2073462284613,44.6850725286994,-74.6475569531076,66.6442101788489,57.7134868337191,101.216409092354,-32.5048417982485
36.4545328860067,36.6929179323446,16.8625807011893,-21.7524011325805,-8.42892650313296,-9.08534428889967,-7.77832857219504,-1.19955689550237,-23.1855231347689,1.63996893938936,-4.70117362604855,-6.0293427116112,7.27748543680457,5.5019579820633,-0.651992858508739,12.2621675368321,-7.53454587360853,-4.69817427571988,2.8463951075325,5.52037212787825
-34.5472331134259,21.72132088254,10.0592355252033,-5.6440266620913,-38.1043810384646,36.1024180244356,-11.8284153761906,8.2072785930586,24.0405764203403,-10.6255422680584,3.5638230947321,-4.95899728458046,-10.0883338944181,-8.17191016215424,-3.77005585680331,3.6214922565536,-6.48450774451231,-4.33573291909623,-0.911031232643787,-16.3520294621719
-44.5648603492938,3.09678833548813,-41.6988505927699,-11.5045802244977,6.52519235125135,49.1545762587259,-2.64619780061081,-25.2134504713487,8.24831218356341,-22.9023864383976,-23.0558789630223,-7.81991505000943,-32.6414796973828,38.264702509624,-14.4671833199153,19.0559015749967,1.79179326852057,-11.816079084957,-19.0216774385638,13.2277495157707
14.0281700979402,32.9627971425833,-15.0473940295513,-20.3503195947132,-23.2569875989897,39.5227451514544,12.8535887305311,10.2095748547039,-2.13701919477708,3.97639487771833,-4.48491037656829,22.8883125271834,8.34811627043363,1.75292284815509,-16.8250957057526,-3.8382601236548,10.4483426157429,-0.923362052308145,6.4814022194754,20.6948635920216
-46.641767480706,-49.7139094356315,-24.713336934596,-30.9374271278862,1.71005663499138,11.7004355456803,-42.982384470465,-22.2074610540225,0.123947000712001,-16.8970159424478,-10.7607035351128,-18.3955524697837,4.08294913906742,3.59939828235784,-9.96573673557425,-2.25947265830821,-2.81855211318332,-14.3745971631773,-36.7912598523267,-6.99897186019134
-0.777857901053764,-42.4369294324862,-17.6113657587003,-72.4469887771762,-29.8294059121654,11.2910597107646,-53.0341222942663,-52.7796870004489,27.1981210902871,0.579789400310573,-27.8994374676785,-2.09014861564302,-19.5842674267264,22.5189442497425,3.80859071789295,13.8913669949988,10.0105244180994,12.4092650869649,-47.3445241985199,-10.570142721375
-53.6714137363977,-20.0938250028491,41.2622725079807,58.95140405201,22.9358859719842,-26.6141379759797,1.47317545995634,2.02631036547389,15.1121136227184,14.9379013308595,1.96746135244022,-6.83993096785903,10.2106189441624,-23.9833762868875,42.3884218587859,9.15982787937346,8.89800095983765,11.0683390109536,5.83286461813607,-14.2513970603555
-17.6526607157865,-51.6131703518734,-27.446486091188,48.5080922785209,-21.7066956635619,12.8564020191976,-8.15894427359501,10.7483137873345,19.1632620285643,-23.7301052117297,-22.701036367379,-3.58427458375512,-29.2388732773032,10.863216192614,-17.5429626355813,1.58847373723923,22.0482977364413,-27.4418929395058,3.47337488387601,52.1750379313846
58.7051032317719,-36.4620644487076,1.52042603278919,-20.7690332074393,16.8880389894615,2.61966132104758,48.4708010752005,-7.59160757910558,37.6630174204284,-23.2330979306796,-10.9030127626728,4.85264613921596,5.55308422406593,20.6553935230451,-1.09760198041646,-2.84860365531512,7.61150861493826,4.74734245672606,-14.9673342091127,-7.93955662260918
18.089599648458,-0.07857321962424,-22.3865158525517,5.44737904669284,22.5706945861514,13.8498682466465,-12.0506892207069,-19.1095421514625,-13.6420350972827,24.7343345118022,1.89117785881989,-10.6297649811021,4.02243483661857,-6.41483397260108,18.2052391960614,-5.96988116731111,-2.47718931922341,-1.41260535822815,-1.65609335322695,-11.8767227135454
-0.621512679754276,-1.63746463312968,-63.1903461587934,-5.931660536362,-7.56675979339347,14.1607770785591,4.53564759377652,-17.3866056753071,1.50615995040823,16.3156719469425,0.374547018615335,-8.71679360757519,13.4574531335815,2.07770030231691,5.28731567310005,0.16737938577679,21.5872190393117,-1.79147315853306,0.441336301534044,-17.5709729782825
35.6483840667642,-42.6635954709642,-16.1504828031618,12.2589641133636,-20.1028936731419,31.5899574833993,-7.07584959581788,-5.23586694427975,5.72028183839932,2.45267596865736,-11.1963834061576,5.07458356579072,4.19109468789431,6.27193214599117,6.36615317628077,2.74795739732341,0.4578924558542,14.9586556538704,15.0348720534005,-0.710325061753328
14.8310047555878,-15.2453222939355,11.8669705771605,0.88214545432111,-6.66223088300249,34.9930494355615,22.8660736695893,-3.07433671449935,-29.3955883161293,-13.6170259958081,-16.9660855684108,-7.51408854017512,-0.838831232482268,14.355320745204,2.98125215750035,-9.16008065718778,-1.42760222314421,1.30079699669292,2.58296352181616,18.8675906602008
23.5849787949451,-22.1702833893284,32.3477990984984,-13.9769800895761,-17.6113001489551,33.4507305744036,23.0981026282843,-1.43060655049186,-10.0938279733727,-2.23493231442913,-7.37441740201075,-6.65523008014387,9.73445596776566,2.11833983844583,-8.50337936964541,0.851574757416467,14.432284560275,5.1866634886401,-6.13784102946308,-2.43312742211598
-68.4587010364746,5.7076046122214,-1.64795599643255,-17.8174989178922,-0.651765717390465,63.9051658921551,-21.6546409854114,36.8758546274744,-9.03135833171563,3.05857861489324,14.1558428005883,23.652413993023,39.2212706374665,-14.0437587618125,-4.59521578528445,36.1016691116753,-37.9283374474066,-2.9491391473478,-8.44713849766248,-55.0706265354915
-14.0425777260825,10.915417429002,-3.43193855366824,-15.2327512681012,5.05697557745784,27.9819490558992,2.02128162735659,8.18387394721487,11.1030735553009,13.1695658781034,-3.20348185459163,-3.3810745059888,-3.94506182848491,-0.385911857108791,3.35812671963105,-12.3432595072839,44.1603859069655,-17.9733872311818,-21.9167239304396,-9.8679325846346
-26.3008010884899,7.85009823789265,-28.823662273019,29.1800119450703,30.8160987469845,1.90260911218901,1.43422853339063,-19.5598751002805,-9.5677330624416,15.087544795537,14.09552075284,-13.4254787846018,12.6033957245956,-28.9385508555986,16.3294630454985,-0.701550253064205,-9.31697824835232,-1.70773850536825,4.95731480740457,0.92351747157305
31.641304687192,15.2707116709489,-33.1166201680893,1.45804558984159,31.0598147447664,3.31063996457446,24.0870683717422,16.9492176074246,11.421975316387,-23.8876906076808,0.511021360208692,5.35500709045091,0.218809062022976,10.752557268699,2.66128665573578,-6.84986697011001,-9.22660067355957,-7.46603402574498,-8.16573394876584,-4.77493537928089
-161.599343600224,-110.8268165744,4.59746384106101,-73.1344494912489,-33.4925518051112,-307.799593704192,228.339619225106,-137.450127780614,-212.250901446129,-168.309949201151,-416.317120649215,608.021139731367,-156.972267826678,-102.89069985104,-66.3897264680707,-45.0100448669929,145.466823950689,-237.244865497095,198.736891641937,-124.03623060134
25.6344852719821,33.4692052254658,30.2537786548756,-2.75812209863811,22.5619506142127,-14.9133271078405,15.8065426434743,5.56438981243497,-5.00133597312835,-6.44310195312225,5.57951616989164,-3.96765374688372,0.00644789014514937,15.213423100028,4.09332628122834,1.66703929723777,-11.2936305208588,-13.5265298577602,-3.07019110093432,2.64933663542821
-18.3948801035532,-25.0347050795729,-8.93789162525498,-29.363924977956,-62.9210449108379,49.0687571043566,34.8546679245439,25.4485792597985,-8.37716839229447,-13.4658428514412,-17.5542660182578,-3.52748736503584,22.4570774785175,-26.1133300655516,-27.9735850947882,35.7510756002967,37.5079639801307,-7.35346333870292,2.72029096292555,75.1374952651867
9.97499534532485,-11.6801132639001,-38.5889549221379,15.8719282111186,-28.2739181814597,20.1369207240784,0.225191299436983,-3.5487526811021,-25.1560936186872,-11.6702845599317,9.64379802704667,-0.999452505324525,-1.47761444777489,17.3362499023415,-1.87993824733492,5.60384404833401,13.964009768749,0.0595138207358483,-4.32201158574017,-0.364792466618335
-31.1999117610632,33.5361858530633,-15.9214629846718,36.6693215791033,47.0466816055695,10.8708616084381,-11.4695611773461,-9.10577795942498,-9.58589461920861,4.64718238646564,11.8131210088091,-4.04015860578931,3.52299799461877,-9.37134881662396,0.338811792881854,11.4298392561909,21.7564846164811,-3.73655790525738,10.8855308403675,28.3209478191872
-24.7132187251716,-56.1050185690522,9.64198126058822,45.2530970221964,-7.77856200501756,3.57794302248382,6.38366779473937,20.3086085738339,-23.7007788348738,-5.0477809479524,2.09516692212882,-0.709281597358884,10.7092706590188,32.1054611702496,6.92947233196303,16.3835121462442,-4.22631917406216,3.71333384162214,18.1253197511129,39.5069956493306
-0.827782798162625,40.416899198603,-43.1087401934049,0.608324744749402,-0.216869958159357,12.8260494231663,-9.07140332165306,-26.2884846525104,-16.2781901746435,17.7081493952429,5.52834904909825,3.07322450760669,12.2845311033826,-2.43217898303018,-4.50700541153396,10.306065880005,6.27812884981032,-0.951829689086565,-2.68339916920059,-8.70434429533134
-72.1611965451063,-25.7430451470536,17.5283599007611,54.7673483174639,-64.5105133286415,-80.179570379023,-23.8503850539503,56.4945360246856,41.4010122272765,-14.6577125273366,29.4014061086075,-27.5172892356244,31.2612527331588,23.00047548785,13.2831182332826,28.0911365148535,15.8422326791695,-5.34961869434378,-21.4577503401354,-41.1832487173003
-60.8483224252721,-26.832201095391,-14.8826214979277,-17.6378614584734,26.8425336704177,-6.98836919119748,11.3452230266686,-1.16069536670834,9.62576841402925,-18.6364008505457,-51.2274918029182,-2.84252766285998,28.2654276267209,-45.1639109918811,21.9632267762147,33.633016242387,0.179233432228513,3.31032413289851,8.86784482198797,7.56601660808507
8.94111022046906,-8.06297259304107,-67.4009849800185,22.0350439966775,23.8621025462493,-1.38753193577482,-8.82955181592305,-29.7825767753594,-38.9948356957303,26.7974595108431,17.5019987093536,-3.29686838967889,48.4510826056819,-1.2724439608043,-4.64544610278872,1.87767553732769,34.1967501893276,-15.9447094482935,10.6344369377532,12.809917220394
-63.0000020069648,-22.5812134078253,2.42517326304907,-24.3619717319771,0.788613959698152,28.4037033782114,24.1890970936454,21.4889639178568,-14.1198136671445,6.68199560398189,1.47711469073632,25.9931287601367,22.7968599478542,-15.2782757385631,12.8229526838468,8.86140812223583,13.8430461306061,-8.81070322795158,5.23555774148233,12.8362323982239
39.5535918711786,28.507462206169,61.7331732687751,-11.8827192476042,-3.31213173248306,6.44085746422251,-27.4732436848579,-28.6579624352479,-13.5888478722609,15.4834264923627,-2.46480376916344,8.18489244389135,3.81890873534505,5.32808343101744,-4.34643233260259,10.0776141854051,-2.47223520183049,-2.75270483769928,5.79394524329398,-8.9415298706801
56.082015060351,73.1034288356881,10.9541443857989,-44.2987735191748,-30.757755187812,-11.5579042451475,9.00763175318247,-26.6673980762838,-21.7726122636573,24.4528956774575,8.55348057541152,-5.40343518790702,-8.12497223070315,6.23279025517227,9.17071010578517,17.9013257766332,-11.5426375843444,-11.5812296098439,16.2803188025806,7.76613299762057
21.2586142035811,17.1476581077505,9.27782036531942,13.8697837954911,-5.6341433215448,3.92959526556872,5.69989391720674,-0.522685277971437,-9.37504938247959,-5.12103693801965,12.2150068343777,-1.58313931414799,-15.6260680576983,5.52338861113733,-3.27958209684728,-0.0486917019739745,8.70753922331091,0.87334928554526,-6.26360626141001,-2.85986752432899
-22.6714686025636,-31.6325927005772,-12.2312240828368,-3.52262027195984,32.6856876494533,14.7747892368915,6.96699715456717,2.7392885279869,2.88480571032322,-0.388166817796341,-3.92963799258441,-21.2357126447844,18.2571364131587,-13.2468492623036,-17.905101128765,-4.46609455846685,9.27488076479981,-15.5577078063402,-5.26566611358921,-15.7779988555964
-26.6164493979091,47.0052739006415,16.8144655243011,-21.6156233722716,-27.9167970761258,22.0610541840244,11.6734519747349,6.7861657919265,-4.74307120296537,3.40621368449586,-21.9366077349749,-3.41623796460277,-17.0906673512681,-2.61578996680729,23.3318073781825,6.45726215061694,-8.31786177526578,10.4086479903359,-1.22444946191653,-1.10126461976713
-2.0814679100657,14.7346719299839,26.6739831058474,-26.949926612776,-34.4907493758349,28.3966896825041,12.8356828216279,-7.47996538510961,10.9138479513144,6.54368271577635,-20.1445383400718,-2.79278609472576,-9.82829504999073,0.00157970236444016,-6.5639359571282,-9.51468121566136,16.7002349435984,4.09207620866873,-2.47895677981621,-5.78600700152352
-30.5185521486511,-58.3602140678017,-6.7412965043454,-1.78840326510426,-22.6670455205616,7.89503496505985,-20.7904414672922,35.9126953680961,12.6065831292149,-6.4384568064454,26.2515332322905,22.2531249650167,39.7583210003482,-9.41477781897133,-24.6727321765516,15.1822519626757,-52.3349421790047,-4.76358777016795,-20.8370411108391,-15.8286156773376
-41.7415583115827,-8.18532495556592,45.6088089399107,-2.77775356359004,15.7791838011525,4.35308944992998,49.7720631270723,0.721064828935013,-20.4834371799204,14.7390662352377,-15.901509352935,0.525849205129206,-0.451544108334937,-44.9026207362743,49.2538305027534,-8.49325860605348,-12.1020893257743,22.3702714061359,-23.999390138156,-17.6803369323606
-8.96121099851783,-29.9683414763768,-17.3229552800952,-37.4502349932286,2.15045288919384,29.2669503568848,37.8787582629039,54.751390947793,20.4872326174089,-2.07317066791037,22.747980073442,16.2844441223797,30.109861370674,-13.6538667112079,-5.40010899851657,51.5698550577929,-4.03215283086079,26.25692195171,2.21035237882646,-24.147491571154
-40.6310030425509,17.5716995167313,-35.4204728752622,30.3352640803488,1.46716704331686,2.16779774561028,-12.416562079926,28.5970980568013,-24.0975736174742,11.5553991948363,-8.46520997828746,46.4287142527652,-32.8080910965451,-18.3749995082641,-14.6547690681655,30.1838604096766,27.2742574615665,55.7573114207978,-47.8646784457057,9.96262867386824
2.50048281971172,7.56192421343008,-4.25554996129688,20.2353046850266,-14.7719251398571,12.4632723863662,7.78090171337625,9.02083666280973,-0.149377232358317,-1.8188817079966,3.25231299840345,-5.13713447524199,-6.94214451195854,2.26518163340298,-14.0098677823942,-2.17730950568987,12.0613504769377,-6.2327553125657,-1.47123084121501,4.8214194680135
-21.6554791839909,29.7386211669376,-32.383753243921,-7.1988685603416,5.02195250658651,21.3683165475459,20.7076963318035,-21.2320365133185,7.88880841573745,4.58037860170441,-17.6358778231768,-3.96705976184744,16.6445716991057,-14.0193290714007,12.9019926119724,4.08121649054421,20.0864134345152,4.45436923404744,-0.0967265231099853,-3.91749669214531
-17.0912757593579,-14.800448142924,21.3621142931168,3.47227271467519,-17.1987955234563,32.998141675052,30.2102711151056,-2.57477898409514,-28.3678881747797,-11.5421600962191,-17.769029293113,-24.1256299725151,2.86844997430272,4.78219640819404,-3.53768723164612,1.72040182869561,-13.2366169439543,-2.40014299892712,0.0663347926929748,5.77674843656766
36.5113055645062,-4.60828875973565,-38.0212397414966,15.1057646507587,35.2117952743479,38.3608442171629,0.904182979089378,7.23772592964889,13.9239555336876,-22.4678499282436,20.4321553182533,19.3244171856588,-15.5582288558575,4.52045654531555,-8.59398591880917,5.63949356878927,-4.0116190456533,2.23509441431662,-4.38205671511084,3.44676053027089
77.6127842033757,-4.60686248053544,-2.98091840327909,-24.9828027374627,18.3133009105377,-11.4924460868107,30.5209669712526,7.41783454668205,15.5873898454954,-22.0182536419788,0.345923437671933,-2.18304366350659,2.43962418753916,15.3119152777399,4.43546055281144,3.92878417272044,0.0832309748387269,6.99673337437239,-21.6975552330408,-10.352688499334
32.6512588788487,-33.5788596719101,-12.6705066553632,15.0926776034254,-15.7221991408668,43.7850914547259,-7.05802399546884,4.06042990831984,-10.2381164276586,-7.84505978403988,2.18743685842206,7.58046087071707,0.317911761665317,9.94476922109989,-0.95348069109679,-7.98228077438956,-3.12639643931632,11.0295033330794,-3.71037108637196,-13.258715704409
-15.6389067332562,-27.7313308025674,-39.4234512246803,2.27229976143571,-26.4773229371969,37.4584303692358,-0.369684024533073,11.6641697508987,19.4584084736165,6.94790805508969,-8.97252277880768,19.091443310533,-2.55222696860353,5.4040253119564,12.0770061839295,17.111247559586,-12.7271647101142,20.6991511276275,8.19008968017257,-3.85651277884604
48.2977660392439,-22.7374953412757,-58.8191772610065,7.19210099344858,-16.6960081486673,18.3285138271388,0.587555530874501,0.437670193838894,-2.66192009687662,8.44120159660235,-4.08471961575845,-2.07154609905634,-3.34143874002512,-0.843964304499089,5.46825878426469,-13.7507271297656,8.20047245915866,-3.82828775561656,9.32977523994872,-3.60731502784096
12.7698208011323,47.1005985931491,-15.3997602653283,-9.74153688521598,33.7653466112251,-1.2213042091792,14.9156801652794,20.2988243723433,4.04727903506237,-12.3299741024031,-7.13431999906363,9.21189735129999,-10.2644424669077,14.8636150381221,8.69079652261536,-10.2381402355998,-12.7091135987645,-6.8552269829488,-3.32681359938725,-3.0885600427018
-52.6161752975144,9.94676377548891,-74.4606074801006,0.458854969620244,-26.0600304748348,-24.3091266495911,27.1731223348143,-7.45144447021563,-18.5028761899027,18.9247129227729,8.38783474784275,37.9250901243551,26.613129852682,20.250633702367,-37.2017908303447,-11.5783884179663,-53.2409353066254,-6.71141716543651,5.71829079192988,-32.8490680057475
37.2048376414867,35.686401632022,-27.7861216759,-39.6741239402366,-25.3993167753434,15.7383560635275,-4.71416572069517,-20.3751138857733,-1.43658671688723,5.03681258219648,4.07009275375706,5.80199632612597,-19.2844702524515,2.06291366421558,-2.00070766382768,6.45170057417771,-1.45370973721578,9.26736899767394,-14.5921019314138,-15.3165178124845
-12.1570503984562,23.9619944593165,13.2092837755837,35.9825660301017,-12.5750347210476,-26.3009117675683,-24.5620694574829,3.64048535872361,7.39471009308189,-0.693344554680125,19.884828981891,22.5956489844727,-8.66896121171506,6.49032262842567,2.8977556457027,9.09155418203699,10.3933849531535,-5.08102524760705,-2.03065512300281,-0.700050698015878
-23.8822290258115,4.8934243035056,-34.9365350379891,13.9504800032137,-4.53074975849421,13.6675057219143,-4.65961845842534,-15.8339112896726,-16.711865152203,10.8152771734308,2.70137715544445,1.96155619514766,34.2989477705284,5.26940403519317,-0.732524033908494,10.3826759116135,14.3783277462253,-1.60337475410784,9.38763197959547,-7.29798360029258
4.36193301344315,77.4196204052986,-16.5093237624394,-15.0933885714287,-8.38851736563114,-18.0677610694657,-17.5565216337873,39.9874674485589,-1.46415801477875,-17.9941935747333,-21.1636681920821,-2.28129267238181,2.91263332595506,-5.19215486259537,-8.04975281228055,15.1860243648047,2.03849938308301,1.00253620993215,-0.827017993113108,10.7236443467365
14.8534523062282,13.3583969842104,23.88276207657,-9.95496833271691,-33.3818778440392,14.1359520752401,17.130260091564,-11.2730040238679,-4.79250324878876,-5.32369404143441,-1.04923851131683,-0.589354018816272,7.49875094572369,4.80976739051073,-19.6727781672992,18.9463010694689,16.1414873477916,-0.755302590508501,-17.1256053158019,-9.68843001742563
-7.82095441623059,36.6219951683129,-26.78810761772,0.468315490967226,-29.3402922839466,24.7591020367874,31.7641241197161,-5.71832257839773,0.733241479515849,-0.045903970729822,5.45171415299117,-10.3578984813783,-18.1591172911441,-5.10632125776881,-5.1767089958272,7.85247310331725,10.9246470893149,-1.89765165908518,-9.51613044798076,-4.2976652293934
-12.160677989668,76.7439291080257,-20.7511278740723,-8.2790774260263,-32.4130261584642,-4.33152712750123,-6.80676317555554,-1.80856051751667,-6.33761664586327,16.3497298240621,17.3840544929365,17.9471049753818,-7.46478843245237,-1.20101440620161,3.85305141379053,6.08242182143046,-7.85161413605359,-8.78795657830719,8.97525193752417,0.0988267401180838
11.9813436487699,67.9587915738344,1.97588519425487,-24.8421141113199,-21.9402876572383,-8.35154271074977,12.9237331972401,-18.6785157935483,-16.6615511552724,10.4860410678556,1.38301993010327,-4.06564585675076,0.0969380766588677,2.91921026134306,-2.50518460964069,19.9499024467264,-4.09708374112666,-4.88974638444964,0.827822715296572,1.11172250420399
-22.6060996335452,15.9543999104408,-37.2759668120577,2.79577111500415,18.5544269307808,15.3628327936035,-4.53498685133931,-34.8480697148439,-11.9746606935068,22.4397851478129,5.24586150305548,-14.5630078495159,22.5867866178897,-15.196491298552,2.57775836999387,2.89853233284236,0.890861291913645,-22.3909811575234,12.7959876042544,4.05590978383976
8.61871624729706,35.8347058774605,-9.60638277673415,-15.683690409616,17.0590021247096,4.12848771505537,-3.38330110019074,-7.5734350310423,-12.518203639919,5.238936723705,-8.80511529957746,-7.70987687751302,8.68978418184651,-8.26519152097009,9.58371501595166,3.23358604575529,-1.33846314292341,-5.88544887759402,0.911515950006906,-5.89822808010907
0.763057314220588,39.2754293296322,-7.60039924196564,8.41684237638262,-19.5506934981433,5.67735942384233,1.80077297044841,-7.07845129654701,21.2863847055821,-3.14303016496952,5.87077968393424,12.6512931592085,-1.4538668601037,9.87676479675955,-12.5963751666507,4.9176132556394,10.3726978614787,-9.74329550343434,-6.99479750642678,-6.58293352967385
11.0641320891055,45.9817355995878,-1.33421499644284,-16.6417655445695,-18.3604605807737,7.89990419196597,-2.71174836269332,5.73913581651222,15.4586916303748,-6.39432570041333,-10.5761106075709,4.58247582728083,0.309058868699113,-1.08481291592593,-8.44029617096007,-7.24799685100738,15.4846931842187,-13.032813824749,-2.33187625664782,-2.74519415476165
-38.4268068789234,14.6452501003141,-7.4953845873234,10.3194712822508,0.350350636550536,19.5218120490012,-12.5827402891899,20.2107278059846,-10.5660322510258,-4.05168028523822,-32.4313131325463,-19.9083304529797,4.01529118170344,4.62753143356035,24.4116996285751,4.37184064514484,-2.15211399949539,14.7782479793329,10.2360159700891,1.84172596507127
1.39473418879756,23.5785657038107,53.9388184671741,17.3982507531094,-23.7609025351471,-15.9445123201113,-5.26475340710214,-18.1206991376456,0.143356843540211,2.42172519109189,-5.17768178131738,-20.290669853788,-6.51695050805346,5.60453118717198,12.2227493147386,3.55144248289737,3.99533729438216,-3.52790841606032,2.89985975652462,-3.80176619409201
-28.887549631313,-16.3378087406871,-9.14598892326932,-20.1531652833633,2.60873969650232,-7.10840018206963,-46.6459844992736,-46.3075039948892,9.08515826948149,-14.1088610066948,-11.8824927050166,-7.19414304218875,-20.7586914777016,-3.0866891559825,2.51429848971782,11.4997436419638,-6.41951692389231,-3.35457014224044,4.51805041223176,1.92921367990694
30.9793641631912,75.9631809511106,22.0091189140201,-32.4314155404001,-28.3599654904321,-14.8177412170643,-6.71572586226303,-30.1556996976743,-22.8567673601872,30.8327082270813,8.9678340978484,-7.33286457382228,-11.0633650260806,1.89780281252292,16.3229755547039,16.9412633226118,-10.6088435033763,-8.9987043909544,15.7255717307952,2.24841880338351
56.7697587740002,-13.76779675965,0.697274906427555,4.17481568104163,-22.0691904866114,25.4085769903282,-21.0112677792486,4.28593817919757,28.1729884692017,-1.68825338366282,-4.63450349087942,21.3042593140096,5.62110472619656,0.257936314547161,-16.8467510491627,-3.09193695870391,5.97215835605667,6.12685685225688,8.86239753395122,5.85567365946001
15.2297689085804,-28.5954016477504,-42.8682212403009,10.8040438781313,8.55724535680143,12.6878835833283,-8.74721639788091,-27.3299667006839,-14.7722581054889,5.25444880155237,-7.31844056008457,-7.03601614915072,22.9826342642329,-4.23907690463112,-6.54061358251322,2.48614597307752,0.112042773921256,-6.83907558827995,2.54240498482102,-0.362936838850577
-69.6904879183846,5.19809859761019,-13.0944960238949,-10.735660344379,-43.3363136600375,54.2277950814259,21.843152034673,12.2491475865276,-11.9264958247167,-2.86595105199197,-17.3236247574159,-3.915117207845,6.34236641079895,40.5076668524419,6.04817846653947,33.3947447386693,-16.5193807356869,17.5937512463821,17.5315671854214,-7.74174269823731
-28.1034914048798,57.7582066423678,-22.3509374495874,5.78191246994679,5.76114532911377,21.1599172026991,4.14372113943512,6.76942243389693,11.3518072726916,-1.39527470049363,6.57720128972116,16.4712534959157,-12.3716753880427,11.3883480254942,-30.0131380105877,1.88853921233762,0.611838631602795,2.27325208429865,-6.45973645838307,-19.776161466878
1.46714818574778,14.2052374499305,22.3920632840034,-3.22458574560367,-12.6754100339051,19.1539798808081,4.50825796501494,-6.48957494775197,-14.3652000760323,-8.11444028479534,-16.0944419107694,-13.8504951303799,-3.60633460458441,4.4905043063333,-8.37094827234154,2.73852314863156,-0.305274368228784,0.212098360685246,3.79709974838756,2.92174541153114
-79.9625644251822,10.3152351304528,-72.6394629404478,-40.9838602911177,-80.7353089540969,45.5511793727761,35.6280439048087,16.0481359969442,-47.9005197874478,37.4076153654035,-30.9224497783497,0.746326754219595,13.5641919983783,115.367473709105,63.6848732273527,20.1739850438367,19.0946772576731,53.418823364438,54.3833202712869,-22.5665074741568
-43.3800794528315,18.0253788673568,12.5996533207304,-52.1664671401504,-27.4338917178838,26.5029309470406,6.70135465589211,-9.52357324987114,5.15302318287029,14.5701533166911,-30.2830339389621,12.0287506395728,-14.4714351487018,-17.9971593245882,9.75417306455634,31.0103939033683,24.2367700972911,12.4833584963311,-41.6647672813005,-12.1866636316128
-93.4645745396549,40.1124641438536,18.4382041403794,15.8099413968546,1.32590120602582,51.6252121258539,-10.990527715596,20.1464812445206,11.3264810869493,-4.87209728083561,-11.1649283180089,11.5758418432216,-5.87760676692726,15.5808373143161,9.94880226820632,7.70957480040348,-18.4769402034027,-2.62088547758862,14.6249299026139,18.6506630317581
-39.7479429176041,20.096447330185,28.4740941532072,-5.46476834544388,5.5617286925018,65.8378890584282,-15.0654470699709,5.89892950196402,20.1462434725705,27.4534791654215,-22.1922582147789,18.6760616684373,-6.77180732330519,-9.25141325801885,32.6549165626221,-12.5883717719531,30.6778682459727,16.890944889952,5.36595064732399,-24.7127947043008
-41.9662267443207,25.054028828399,-2.00013682228542,1.76415226285548,-38.388875343189,47.4863926775515,34.3711478063434,3.67979357396865,-10.6567285185201,-4.53257027049784,-9.48164920828294,-19.8062361854993,-3.38720702920413,-4.1748878099853,-16.5094992434482,-7.05465298608727,10.7363791088103,-2.79120271523487,-2.43253719781674,-7.83972768469996
-94.5476221425569,-1.07951127045328,-6.84870105299815,3.68493372035267,6.99350544755379,7.29376481847563,-22.8715313537908,-18.0391764317935,-4.02424183102439,-15.1660683046198,-23.2464836169072,2.61094723376699,5.49646790218996,-11.4397672228405,-18.6648152440842,79.8328729170495,-12.1754297526802,12.9123863399542,10.20591671949,-7.80216555183886
-21.8073206551695,35.2472516608535,-21.39491738037,10.517501220762,-24.7277694523077,31.8454425730582,16.4245892086725,-2.23581232326995,-9.89554063972711,-4.65096509047391,-3.18603679744161,23.1668650368983,-16.0246605393067,-20.8439109095263,-0.804338288819574,-18.7233836126582,18.082065096099,-29.9566963275553,-4.23992066617904,0.42644058047
